{"train_loss": [0.8751414820551873, 0.5302819099277258, 0.3942437021061778, 0.3751259407959878, 0.28040011813864113, 0.24481666283681988, 0.22937203776091336, 0.22945737643167377, 0.21313638971187174, 0.2354112055618316, 0.19079529605805873, 0.18451487505808473, 0.2131875346880406, 0.14438815503381192, 0.19867946044541895, 0.1840002102777362, 0.13518363907933234, 0.17237159893848003, 0.173725516628474, 0.19856893527321517, 0.1698057792149484, 0.1416116829495877, 0.2128106561023742, 0.20062177684158086, 0.20548492386005818, 0.14551637596450745, 0.1497764488682151, 0.15385776478797197, 0.1617013453738764, 0.21194962980225682, 0.12686131217051297, 0.16820686671417207, 0.18585456504952164, 0.12525739409029485, 0.12507395399734378, 0.11022694897837937, 0.16664757060352714, 0.1424376290757209, 0.10579745788127184, 0.11229813934769481, 0.16572512711863965, 0.14715778145473452, 0.15006121017504484, 0.14765526370611043, 0.1396611254196614, 0.13178521366789936, 0.1423396951518953, 0.11485467478632927, 0.11934883745852858, 0.0946436598431319, 0.13270821603946387, 0.15743277678266168, 0.13678446905687452, 0.0951789680402726, 0.16592130011413248, 0.09495152293238789, 0.09788931692019105, 0.09837345585692674, 0.11305818282999099, 0.09948834613896906, 0.11204829278867692, 0.10591118168085814, 0.09242109069600701, 0.09425196361262352, 0.09686389225535094, 0.0859133450081572, 0.10305160183925181, 0.12095478451810777, 0.11636330729816109, 0.0964847610797733, 0.06780833806842565, 0.09435042238328606, 0.11639453140087426, 0.07780570411123336, 0.08402738564182073, 0.1107645743759349, 0.07363598139490932, 0.0841779972659424, 0.0672575547825545, 0.09225286906585098, 0.07807961041107774, 0.073327279323712, 0.09740136060863733, 0.08066136254929006, 0.0944632648024708, 0.07381913645658641, 0.08199709891341626, 0.08912442623404786, 0.06487204254372045, 0.07054428956471384, 0.06457263727206737, 0.06589272471610456, 0.11910204207524658, 0.06544039908330887], "test_loss": [0.549972691386938, 0.38256527837365867, 0.9389534201472998, 0.3525226842612028, 0.2716667354106903, 0.2948217287659645, 0.1983659909106791, 0.16868386873975397, 0.12844308684580028, 0.5335129441693425, 0.18340790458023548, 0.1308636677451432, 0.10852808435447514, 0.13947944226674736, 0.10692508984357119, 0.1804834645241499, 0.47533823288977145, 0.1515114726498723, 0.1297869702335447, 0.12177166240289808, 0.08537702579051257, 0.15271350215189158, 0.23294364139437676, 0.21798727102577686, 0.08446910888887942, 0.1668068994767964, 0.15496708918362856, 0.22231690948829055, 0.16114001907408237, 0.13447593981400133, 0.09655332327820361, 0.07077595880255103, 0.14672505352646112, 0.1822939242236316, 0.10304352990351617, 0.12597891185432672, 0.09783503790386021, 0.08347669118084014, 0.062329271365888415, 0.22532208887860178, 0.0790227166377008, 0.10190099645406007, 0.23879204252734781, 0.21343029690906407, 0.14180101547390223, 0.07340081627480685, 0.14880367568694056, 0.09332267823629081, 0.06314707873389125, 0.06434818094130605, 0.25446016024798157, 0.15698701795190573, 0.06410976541228593, 0.17187802381813527, 0.060374609939754006, 0.0707133641000837, 0.27374647380784156, 0.105831377254799, 0.06812580195255577, 0.06825256992597133, 0.08531581559218467, 0.05286948080174625, 0.07482858079019934, 0.09116845931857824, 0.06256285733543336, 0.0821404043585062, 0.11755796154029667, 0.24035748969763518, 0.06762384343892336, 0.11272163419052958, 0.05295359313022345, 0.10201225751079619, 0.06296183641534299, 0.04255401822738349, 0.1268724116962403, 0.05074061211198568, 0.0755542462458834, 0.0499368472956121, 0.06437882678583265, 0.11117243971675635, 0.16747551495209337, 0.07486917159985751, 0.05184861666057259, 0.12602487239055335, 0.18147122915834188, 0.09877299047075212, 0.13473217240534724, 0.059098948002792896, 0.059713529981672765, 0.09705957868136465, 0.042795302369631825, 0.09613304175436496, 0.07127939201891423, 0.06087099891155958], "epochs": [0, 1, 2, 3, 4, 5, 6, 7, 8, 9, 10, 11, 12, 13, 14, 15, 16, 17, 18, 19, 20, 21, 22, 23, 24, 25, 26, 27, 28, 29, 30, 31, 32, 33, 34, 35, 36, 37, 38, 39, 40, 41, 42, 43, 44, 45, 46, 47, 48, 49, 50, 51, 52, 53, 54, 55, 56, 57, 58, 59, 60, 61, 62, 63, 64, 65, 66, 67, 68, 69, 70, 71, 72, 73, 74, 75, 76, 77, 78, 79, 80, 81, 82, 83, 84, 85, 86, 87, 88, 89, 90, 91, 92, 93]}